No,Komentar,Status
1,dapet mas barang pagi malam dasar anak,Negativ
2,flash sale akalan rajin mantengin jam pagi malem sampe nyalain alarm tetep zonk server stock habis coba ku kasar wkwkwkekwk,Negativ
3,lihat review orang orang pas beli hp harga flash sale,Positiv
4,nyobain cuma iseng pembayaran mau jam langsung dibilang stock habis halaman flashsale masih aneh bin ajaib,Positiv
5,pemberi harapan palsu doang kena tipu kayak keledai,Negativ
6,bukalapak wkwkw tokopedia ketinggalan ulang tahunnya pelit parah kalah diskonan bukalapak,Positiv
7,dapet namanya juga flash sale bawa santai dapet syukur dapet rejeki namanya harga gilaan wajar banyak stand,Positiv
8,stock tersedia pas bayar tulisan stock habis kaya lapak sebelah sudah check out barang sudah otomatis bayar kok,Negativ
9,ga pernah kebagian astagaaahhh,Positiv
10,beneran lihat kepala mata walaubsaya mengakui kalo sedih bete kena marah,Positiv
11,boicot,Negativ
12,teflon frame,Positiv
13,koneksi indomie calon anak ayam kornet stabil bagus,Positiv
14,lom beruntung kemarin marah hikz,Positiv
15,norak kali ikutan flash salekesal wkwk,Positiv
16,barang,Negativ
17,nature republic,Negativ
18,tokopedia bagus ternyata,Positiv
19,dapet nature republic bayar pake cc,Positiv
20,amazing,Positiv
21,beli miband pas mo bayar lamgsung stock habis menjengkelkan pas jam,Negativ
22,amazing,Positiv
23,flassalee,Negativ
24,kecewaaaastok tpi dibayar notif stok kosongperbaiki sistemnya,Negativ
25,pagi berhasil powerbank mili mah thank you pagi experience flash sale drpd semalam well see semoga membatalkan orderan thanks again,Positiv
26,pembodohan umat barang sediain cuman rebutan indonesia,Negativ
27,dapet apa,Negativ
28,sale kampret,Negativ
29,banget giliran bayar error terusphp,Negativ
30,boongan lgs beli tebar pesona kosong kosong bayar data error server error data not_found cape,Negativ
31,udahhhh dongggkucing kucing,Positiv
32,dpt maen cepetan wkt dl dpt rice cooker kl skrg brg tmn ku dpt blender drone namanya barang diserbu ribuan org cepetan faktor hoki toko sblh jg flash sale dis,Positiv
33,klikpay bca,Positiv
34,bayare pke ecash gimana sihaku bingung kra transfer kya order,Negativ
35,server error trs pdhl klik secepat kilat eh pas klik checkout server error stock kosong,Negativ
36,dapet coba ngaku,Positiv
37,beli xiaomi mukena bali kesalahan jaringan aduuh aneh deh,Negativ
38,hahaha error canggih servernya hahah,Negativ
39,dpet mah error bae serverny,Negativ
40,sabar gt jam barusan dpt pas masuk keranjang server bermasalah gt gt qty pdhl bisanya pas cekout error sekalinya paymentzonkkkstok habis ilang flashsale hahaha fakesale kali yee flashsale,Negativ
41,flash toped bener yakesal kakak lelaki masuk keranjang ribet suru masukin alamatujungnya stok kosong,Negativ
42,dapet hahahahaa,Positiv
43,error lg error lg error lg malam parah drpd kemarin malam klik beli muncul keranjang belanja kosong flow screen jg lari kemana kesalahan server jam lapar lapar tembus tinggal klik bayar lgsg stok habis produk dibilang habis dihapus keranjang belanja jg muncul error main aman goblok really heres my input better do some stress test first before do another flash sale if u are wise youll take this input happy customer will be your repeat customer unhappy customer will be new customer to your competitor,Negativ
44,bnget mbaaa kayak pake hp nyoba eh error perphpan,Negativ
45,terimakasih tokopedia pengalaman mengecewakannya tinggal bayar tebar pesona error trs kali mengatasi error sokan bikin flashsale yatahunbersamakecewabadexperience,Negativ
46,niat flashsale ngadain flashsale kalah lazadashopee prettt,Negativ
47,tipu tipu detik langsung habis,Negativ
48,pake selangkah selingkuh banking,Positiv
49,ka bayarnya,Negativ
50,pakai,Negativ
51,dapet tebar pesona bayarnya pake briva,Positiv
52,berhasil pake briva,Positiv
53,jualan tebar pesona isi ulang tokocash coba gugling deh isi tokocash tokopedia pake,Positiv
54,hmm bagus promo bayar langsung back pacman,Negativ
55,bayar tiba uangnya refund penipuan gimana,Negativ
56,isi klik bca kl jualan jd penjualan uang msk tokocash,Positiv
57,pake kartu kredit ka,Positiv
58,ka bayar pake ka toko caash kah,Positiv
59,bayar pakai toko bayar langsung gimana ka penjelasan,Positiv
60,tokopedia pengalaman mengecewakannya tinggal bayar error kali kalo ngatasin error gausah sok bikin giniantahunbersamamengecewakan,Negativ
61,pemberi harapan palsu,Negativ
62,dapet pagi lumayan,Positiv
63,beneran dpt,Negativ
64,menit min belinyakan rebutan bayarnya mah rebutan,Positiv
65,virtual account bayarnya ambil tendili moneynya ko pembayaran menit ajah buru atmnya,Positiv
66,zonk,Negativ
67,jelasgitu pembayaran loading xpadahal signalnya bagusstock kosong melulupadahal br berjalan menit,Negativ
68,transfer ambil tendili moneynya pengen dpt biar emak seneng,Positiv
69,mayanlah kang sedia payung hujan,Positiv
70,gimn ikiutan tolong bantu jelasin,Negativ
71,ak beli helm berhasil bayar via klik bca nunggu proses seller mudah an dana kembalikan saldo toko bayar langsung,Positiv
72,min server downtolong masak klik produk,Negativ
73,terustahunbersama,Positiv
74,berhasil beli payung harga rebu,Positiv
75,mesti byk belajar collocation server amazon google anak bule tokped semangat,Positiv
76,berdoa weh hoki haha,Negativ
77,bayar lemot pas bayar duitnya tokocash,Negativ
78,bakar,Positiv
79,br buka aplikasi jam teng barang gag stock omong kosong,Positiv
80,dy jg dapet hp rb sampe,Negativ
81,semoga smpe berhasil tangan angin semilir,Positiv
82,susah dapet lucky dibatalin,Positiv
83,skrg sma dpt,Negativ
84,hokian coeg flash sale bayar duit balikin haha like you belanja supermarket bayar struk print barang ambil orang,Positiv
85,flashsale ngelanjutin kemaren yaa engga,Positiv
86,check out tinggal bayar dapet no va tebar pesona pas proses loading lg bayar dana kembalikan check out barangnya keep cm dikasih menit bayar menit loading kiciwa banget deh,Negativ
87,kayanya toko laen flash sale prnh brmslh flash sale brmslh aneh auto uninstal ajh cem ginimah mnding shopee lazada ajh deh,Positiv
88,kali dapet susu enfagrow harga bayar menit lari ambil tendili moneynya,Positiv
89,gagal tinggal bayar tetiba oops stok,Positiv
90,iyaa virtual account,Positiv
91,jam pagi teng kakak lelaki hitungan menit produk kosong,Negativ
92,belum beruntung,Positiv
93,kayaknya emang mayoritas bayar error deh,Positiv
94,ka gigi tajam ngerasain fs tolong jelasin temen tokped fake ngadain flash sale,Positiv
95,ng worth it wasting time ng hadilnya zonk flashsale tong kosong ng barangnya zonk bikin kecewa check out ng eror coba sehabis makan pulang barang hbs pembayaran eror coba sehabis makan pulang berkali barang habis pemberi harapan palsu flash sale zonk palsu bikin kecewa buang cari sensasi doang bikin kecewa customer goodbye deh pindah online,Negativ
96,tokopedia pake jasa aws bos,Negativ
97,zonk mulu,Positiv
98,amazon menginvest tokopedianya alibaba group,Negativ
99,blackmores vitamin ribu,Negativ
100,keranjang belanja msh titik merah terisi barangtp dibuka kosong,Positiv
101,ntar dijadiin iklan ngebully tokopedia pdhal tokopedia kakak lelaki bagus pas kmaren dpt bayar gagal internal server error,Negativ
102,minjgn lupa perbaiki server pelanggan kecewa kabur,Negativ
103,diproses penjual,Negativ
104,gimmick,Negativ
105,error stiap dapet,Negativ
106,tinggal bayar pdahal tebar pesona kgk bsa server error blablabla pas cek flash sale dah ilang bijiii kgk niat ngadain flash sale kya,Positiv
107,parahh,Positiv
108,ngomong bos tokopedia invest server amazon web services server down pengunjung servernya diurusin dapet flash sale nyebar kebohongan kaya gini,Positiv
109,flashsale bohongan niecuma mentok check out,Negativ
110,transaksi flash sale kemarin pembayaran via bca virtual account dana terpotong sistem error belanjaan stuck cart produk habis hilang skrg dana terpotong cart logo notification dibuka cart kosong mohon kebijakan tokopedia bagaimanakesal,Negativ
111,transaksi flash sale kemarin pembayaran via bca virtual account dana terpotong sistem error belanjaan stuck cart produk habis hilang skrg dana terpotong cart logo notification dibuka cart kosong mohon kebijakan tokopedia bagaimanakesal,Positiv
112,min senin gunain voucher ilovemonday cashbacknya masuk skrg min,Negativ
113,gmbarnya kere tulen gift yasin cantik acaramu berkesan kepoin yaa,Negativ
114,hahahahahaha,Negativ
115,subhanallaah sore,Negativ
116,flashsale bikintiap bayar server down trskan aneh,Negativ
117,min tambahin hashtagnyaflashsalephp,Positiv
118,barang masuk keranjang pas bayar maaf stok kosong padahl berpa detik,Negativ
119,fs ngk load pilih barang,Negativ
120,juragan,Negativ
121,habishuft,Negativ
122,awesomee yaa met siang,Negativ
123,mimin servernya benerin min please,Positiv
124,marah,Negativ
125,laporin ylki,Negativ
126,barakallah tokepedia sukses,Positiv
127,deh dm beserta transaksinya penasaran,Positiv
128,sis cpt lgsg kepotong saldonya kalao mah hati stok ksong wkwkkw etss pke tokocash berhasil dipmbyaran gada semenit dikembaliin danaku yaelahh pdoo mawon yakkk,Positiv
129,pembohongan,Negativ
130,awas basic voal bikin ketagihan ready basic voal shinar glamour,Negativ
131,semenit jam tet lgsg belanja berhasil bayar gada semenit lgsg dana dikembalikan pke tokocash bayarxkan boong gamau rugii kayaknya permainan bnyak kunjungi toped hahahha,Positiv
132,wkwkwk percaya flash salekamvret,Positiv
133,jg mentok bayar pdhal rb an gila menitan muter tu gagal server ksel,Positiv
134,pagi dapet tas pas cek taunya dibatalin toped,Positiv
135,barusan cek tas dibatalin topednya,Negativ
136,rejekinya brati tpi kayanya penjualnya ngasih batasan stok deh flash sale pas malem cek olshopnya aplikasi barangnya tersedia,Negativ
137,stok maaf habis dana dikembalikan toko kes dana toko kes pakai haji,Positiv
138,awesomee yaa,Negativ
139,gmbarnya kagum,Positiv
140,pilihan pembayarannyacuma dikasih menit pembayaranga kaya disebelah jam,Positiv
141,met aktivitas pagi yaah,Negativ
142,anjir wkwkwk,Negativ
143,q gakk dpt susah,Positiv
144,payment angin semilir tebar pesona kesalahan terusotw playstore kasih bintang,Negativ
145,toko merah ngadain event kampung sinyalnya sekuat jakarta parah servernya brarti emg persiapkan,Positiv
146,tokopedia kl flash sale barang setoknya banyakin jgn cuman doang nungguin puluhan ribuan org pastiin server lancar nerima pengunjung,Negativ
147,si oren emang bagus barangnya bermutu dapet kadang produk eksklusif sediain oren helm murah sampe boncengan anak lengkappp,Positiv
148,pake kesal kesal,Positiv
149,via transfer ambil tendili moneynya,Positiv
150,ok,Negativ
151,min bayar via tokocash tebar pesona kaga daftar belanja skali tebar pesona tokocash kepotong gmana,Negativ
152,input resi susaaaaahhhh truussss,Negativ
153,benerinnn server dolo njerr,Positiv
154,tahun tukang tipu mulu,Negativ
155,anehflash sale murah bnget bayar langsung back cmn ribu pake point lgiini aneh,Positiv
156,sekian comment respon akun heraann maluin,Positiv
157,eror melanda,Negativ
158,tokocash transfer biasakesal,Positiv
159,tdi pgi syaa beli milo cube sayang kursng berminat kalo pagi enakb bgtu malem rame bener gila,Positiv
160,erorrrrrrr,Positiv
161,menit proses order hahaha bates masuk keranjang server error pembayaran coba lg lain-lain eh kosong stoknya,Positiv
162,pindah shoppe ah enak ciuman upsciuman,Negativ
163,berdosa kasar flash sale pas proses bayar muncul tulisan kesalahan pas klik lg muncul tulisan maaf stok barang kosong,Negativ
164,dapettahunbersama,Positiv
165,xiaomi redmi flash sale pagi proses pengiriman,Positiv
166,kitkat harga ribuan bayar yaaah lumayan,Positiv
167,min kaalau bayar eh pesanan batalkan duit masuk toko bayar langsung jd tunai,Negativ
168,gagal beli uang toko bayar langsung ditarik saldo trs dibalikin bank dasar anak informasi,Negativ
169,kalo niat kasih promo disiapin bener sistemnya,Positiv
170,wkwk incer mahal susah emg tebar pesona temen dapet angin semilir,Negativ
171,ngincer blender gagal mulu langsung home cari produk nyisa dapet deh tas,Negativ
172,lapar lngsng masukin barang krnjang pas check out gagal hahaha mending sale jelassssss,Positiv
173,beli brg trs dibalikin dana tokocash dibatalin penjual cek riwayat transaksi pindahkan saldo tokopedia sampe hitungan menit pindah saldo tunggu hr semoga membantu,Negativ
174,protes smua trick pintar pintar dpt dpt barusan vacum cleaner pas rb dpt flash sale tokped rame pengunjung harga fantastis tebar pesona stock disediakan banya,Negativ
175,kemajuan min berusaha tingkatin pelayanannya min tokped,Negativ
176,uang ku toko bayar langsung taun syaratnya dipindahkan rekening kalo pembatalan,Negativ
177,berhasil dapet,Negativ
178,gagal beli uang toko bayar langsung ditarik saldo trs dibalikin bank dasar anak informasi,Positiv
179,dapet jbl temen dapet angin semilir,Positiv
180,flash sale jd program tokopedia hoaxbayar pake toko bayar langsung cpet,Positiv
181,saldo tokopedia,Negativ
182,kacau,Negativ
183,sandisk normal rb,Positiv
184,ny berita bohong,Negativ
185,diam ambil tendili moneynya biar ngebut bayarnya eh jancuk aplikasi macet-macet sampe crash suwe bat dah,Negativ
186,min flash sale bilangannya gitu mulu cape better benerin servernya kliatan siapnya sendirilah penduduk indonesia juta org kasarnya stgh penduduk indonesia akses tokopedia perhitungan brp data masuk,Negativ
187,mudah han dapet hadiah aamiin,Negativ
188,bener mslhnya berjuang hasil dibilang hoki msalah flashsale jdid jakmall bl shopee belanjaan flash sale pcs jaman tokopedia flashsale sklipun dapet detik kebuka jam pas barangnya habis,Negativ
189,barang ghoibkahkesal,Positiv
190,tinggal pembayaran tinggal ganmasih byk berhasil payment verified engga kalopun berhasil diuji autocancel autorefund ndak thats the flow cb kali amati flownya terapkan komensaya baca komen post sblmnya paham,Negativ
191,kecewa berat,Negativ
192,tetep goib,Negativ
193,kecewaaaaa,Negativ
194,malam keluarin besok pagi,Positiv
195,super parah dibanding pagi jam gimana ni pemberi harapan palsu ajacustomer super kecewaaa,Negativ
196,menit jam lapar menit barangnya belom klik flash salenya berakhirlahhh kocak banget tokopedia,Negativ
197,pinterrr,Positiv
198,kecewa semoga tokopedia berubah nama tokophp,Positiv
199,ni ko bermasalah lihat daftar transaksi isinya kosong beli barang sore cek ko kosong,Positiv
200,min flash sale tokopedia jam malam tanggal agustus berhasil check out memilih pembayaran bca va disitu pemberitahuan kode pembayaran diverifikasi menit kode bayarnya yaterima kasih,Negativ
201,kek yahsudah berhasil prosestinggal bayartp limitnya menitkesal serius nanya,Negativ
202,maaf pengunjung kecewa kunjungan tokopedia dugaan terbaik kami berusaha kualitas pelayanan,Positiv
203,metode pembayaran pakai,Positiv
204,lapak sebelah harga rb flash sale,Positiv
205,dapet tas gagal berkali kali,Positiv
206,boong kali pagi malem susah masuknya pas kebuka barang,Negativ
207,ntaps marketplace orange kyaknya marketplace ijo deh,Negativ
208,guaa jam mantengin hp,Positiv
209,story bro dpt pancake untungan ikutan ratusan ribu orang tebar pesona stok barang terbatas namanya flash,Negativ
210,kirim dm silahkan dicek,Positiv
211,kasih bukti dpet screnshot pembyaran berhasil,Positiv
212,dm silahkan dicek,Negativ
213,flash sale dapet ikutan,Negativ
214,j pro mudah an dicancel,Positiv
215,adain kaya gini orang emosi doangnurunin rating harga tokopedia doang,Positiv
216,percaya,Negativ
217,bokiss flash sale,Positiv
218,toko bayar langsung numpuk saldonya dibatalin mulu berhasil bayar,Negativ
219,setuju,Positiv
220,dm krim post nti iri,Positiv
221,pengguna shopee bl jg promo flash produk harganya tokopedia ngasih harga murah jd peminat shopee bl dibanding tokopedia bl flash sale ngasih produk harga asli produknya rb tokopedia harga produk jutaan jd murah bngt,Positiv
222,ok,Negativ
223,kirain tokopedia belajar pengalaman flash sale mei terulang mendingan kalo blum ngadain flash sale pake flash sale mohon belajar slb sukses ngadain flash sale,Negativ
224,ngejar flash sale tebar pesona dropshiper ambil barang dri seller tokpedakibatnya kerjaan terbengkalai gara order checkout error format tokped dropshiper friendly kalo ngadain flash sale sok nge boom,Positiv
225,down servernya event adain ulang deh diprotes jawabannya suruh coba bebenah,Positiv
226,numpang om top up saldo indomaret,Negativ
227,checkout bener,Positiv
228,bl duitnya bl shake,Positiv
229,bikin story gopro hero brp,Negativ
230,kl adain flash sale serius dongg,Positiv
231,maybelline dapet umpat,Positiv
232,dapet,Negativ
233,harga rbuan,Positiv
234,storyku,Positiv
235,rb gua dapet action cam sma power bank tebar pesona flash sale barangnya diskon gede jd tahan kebutuhan tertawa keras,Positiv
236,dapet juragan rb dapet amazfit bip pagi dapet earphone jbl malem rada aneh dapet helm saldo kepotong tebar pesona gagal checkout dapet selangkah selingkuh transaksi berhasil,Positiv
237,woy,Negativ
238,coba beli apapun kaga error melulu,Negativ
239,eror woy benerin,Positiv
240,wkwkw gua gua doang ngeluh kgak checkout banget yaaa serius sampe kesel pengen banting hape gua jaringan lemot taunya emang susah,Positiv
241,ngincer angin semilir stuck proses bayar,Positiv
242,pagi,Negativ
243,sptnya diuntungkan diisini pedagang tokped yaa tokocash,Negativ
244,juragan diliat bukti kakak lelaki posting ig real berita bohong,Positiv
245,sistemnya overload,Negativ
246,gapernah kebagian astagaaahhh,Negativ
247,flash sale akalan rajin mantengin jam pagi malem sampe nyalain alarm tetep zonk server stock habis coba ku kasar wkwkwkekwk,Negativ
248,teflon frame,Positiv
249,dapet apa,Positiv
250,boicot,Negativ
251,barang,Positiv
252,tokopedia,Positiv
253,nyobain vuma iseng pembayaran mo jam langsung diblng stock habis halaman flashsale masi aneh bin ajaib,Negativ
254,dapet mas barang pagi malamdasar anak,Positiv
255,beneran lihat kepala mata walaubsaya mengakui kalo sedih bete kena marah,Positiv
256,pemberi harapan palsu doang kena tipu kayak keledai,Negativ
257,lihat review orangorang pas beli hp harga flash sale,Positiv
258,koneksi indomie calon anak ayam kornet stabil bagus,Positiv
259,lom beruntung kemarin marah hikz,Positiv
260,norak kali ikutan flash salekesal wkwk,Positiv
261,bukalapak wkwkw tokped ketinggalan ulang ny pelit parah kalah diskonan bukalapak,Negativ
262,nature republic,Negativ
263,dapet namanya jg flash sale bawa santai dapet syukur dapet rejeki namanya harga gilaan wajar byk stand,Positiv
264,dapet nature republic bayar pake cc,Positiv
265,amazing,Positiv
266,beli miband pas mo bayar lamgsung stock habis menjengkelkan pas jam,Negativ
267,amazing,Positiv
268,flassalee,Negativ
269,kecewaaaastok tpi dibayar notif stok kosongperbaiki sistemnya,Negativ
270,pagi berhasil powerbank mili mah thank you pagi experience flash sale drpd semalam well see semoga membatalkan orderan thanks again,Positiv
271,pembodohan umat barang sediain cuman rebutan indonesia,Negativ
272,stock tersedia pas bayar tulisan stock habis kaya lapak sebelah sdh check out barang sdh otomatis bayar ko,Negativ
273,sale kampret,Negativ
274,banget giliran bayar error terusphp,Negativ
275,boongan lgs beli tebar pesona kosong kosong bayar data error server error data not_found cape,Negativ
276,udahhhh dongggkucing kucing,Positiv
277,dpt maen cepetan wkt dl dpt rice cooker kl skrg brg tmn ku dpt blender drone namanya barang diserbu ribuan org cepetan faktor hoki toko sblh jg flash sale dis,Positiv
278,klikpay bca,Positiv
279,bayare pke ecash gimana sihaku bingung kra transfer kya order,Negativ
280,server error trs pdhl klik secepat kilat eh pas klik checkout server error stock kosong,Negativ
281,dapet coba ngaku,Positiv
282,beli xiaomi mukena bali kesalahan jaringan aduuh aneh deh,Negativ
283,hahaha error canggih servernya hahah,Negativ
284,dpet mah error bae serverny,Negativ
285,sabar gt jam barusan dpt pas masuk keranjang server bermasalah gt gt qty pdhl bisanya pas cekout error sekalinya paymentzonkkkstok habis ilang flashsale hahaha fakesale kali yee flashsale,Negativ
286,flash toped bener yakesal kakak lelaki masuk keranjang ribet suru masukin alamatujungnya stok kosong,Negativ
287,dapet hahahahaa,Positiv
288,error lg error lg error lg malam parah drpd kemarin malam klik beli muncul keranjang belanja kosong flow screen jg lari kemana kesalahan server jam lapar lapar tembus tinggal klik bayar lgsg stok habis produk dibilang habis dihapus keranjang belanja jg muncul error main aman goblok really heres my input better do some stress test first before do another flash sale if u are wise youll take this input happy customer will be your repeat customer unhappy customer will be new customer to your competitor,Negativ
289,bnget mbaaa kayak pake hp nyoba eh error perphpan,Negativ
290,terimakasih tokopedia pengalaman mengecewakannya tinggal bayar tebar pesona error trs kali mengatasi error sokan bikin flashsale yatahunbersamakecewabadexperience,Negativ
291,niat flashsale ngadain flashsale kalah lazadashopee prettt,Negativ
292,tipu tipu detik langsung habis,Negativ
293,pake selangkah selingkuh banking,Positiv
294,ka bayarnya,Negativ
295,pakai,Negativ
296,dapet tebar pesona bayarnya pake briva,Positiv
297,berhasil pake briva,Positiv
298,jualan tebar pesona isi ulang tokocash coba gugling deh isi tokocash tokopedia pake,Positiv
299,hmm bagus promo bayar langsung back pacman,Negativ
300,bayar tiba uangnya refund penipuan gimana,Negativ
301,isi klik bca kl jualan jd penjualan uang msk tokocash,Positiv
302,pake kartu kredit ka,Positiv
303,ka bayar pake ka toko caash kah,Positiv
304,bayar pakai toko bayar langsung gimana ka penjelasan,Positiv
305,tokopedia pengalaman mengecewakannya tinggal bayar error kali kalo ngatasin error gausah sok bikin giniantahunbersamamengecewakan,Negativ
306,pemberi harapan palsu,Negativ
307,dapet pagi lumayan,Positiv
308,beneran dpt,Negativ
309,menit min belinyakan rebutan bayarnya mah rebutan,Positiv
310,virtual account bayarnya ambil tendili moneynya ko pembayaran menit ajah buru atmnya,Positiv
311,zonk,Negativ
312,jelasgitu pembayaran loading xpadahal signalnya bagusstock kosong melulupadahal br berjalan menit,Negativ
313,transfer ambil tendili moneynya pengen dpt biar emak seneng,Positiv
314,mayanlah kang sedia payung hujan,Positiv
315,gimn ikiutan tolong bantu jelasin,Negativ
316,ak beli helm berhasil bayar via klik bca nunggu proses seller mudah an dana kembalikan saldo toko bayar langsung,Positiv
317,min server downtolong masak klik produk,Negativ
318,terustahunbersama,Positiv
319,berhasil beli payung harga rebu,Positiv
320,mesti byk belajar collocation server amazon google anak bule tokped semangat,Positiv
321,berdoa weh hoki haha,Negativ
322,bayar lemot pas bayar duitnya tokocash,Negativ
323,bakar,Positiv
324,br buka aplikasi jam teng barang gag stock omong kosong,Positiv
325,dy jg dapet hp rb sampe,Negativ
326,semoga smpe berhasil tangan angin semilir,Positiv
327,susah dapet lucky dibatalin,Positiv
328,skrg sma dpt,Negativ
329,hokian coeg flash sale bayar duit balikin haha like you belanja supermarket bayar struk print barang ambil orang,Positiv
330,flashsale ngelanjutin kemaren yaa engga,Positiv
331,check out tinggal bayar dapet no va tebar pesona pas proses loading lg bayar dana kembalikan check out barangnya keep cm dikasih menit bayar menit loading kiciwa banget deh,Negativ
332,kayanya toko laen flash sale prnh brmslh flash sale brmslh aneh auto uninstal ajh cem ginimah mnding shopee lazada ajh deh,Positiv
333,kali dapet susu enfagrow harga bayar menit lari ambil tendili moneynya,Positiv
334,gagal tinggal bayar tetiba oops stok,Positiv
335,iyaa virtual account,Positiv
336,jam pagi teng kakak lelaki hitungan menit produk kosong,Negativ
337,belum beruntung,Positiv
338,kayaknya emang mayoritas bayar error deh,Positiv
339,ka gigi tajam ngerasain fs tolong jelasin temen tokped fake ngadain flash sale,Positiv
340,ng worth it wasting time ng hadilnya zonk flashsale tong kosong ng barangnya zonk bikin kecewa check out ng eror coba sehabis makan pulang barang hbs pembayaran eror coba sehabis makan pulang berkali barang habis pemberi harapan palsu flash sale zonk palsu bikin kecewa buang cari sensasi doang bikin kecewa customer goodbye deh pindah online,Negativ
341,tokopedia pake jasa aws bos,Negativ
342,zonk mulu,Positiv
343,amazon menginvest tokopedianya alibaba group,Negativ
344,blackmores vitamin ribu,Negativ
345,keranjang belanja msh titik merah terisi barangtp dibuka kosong,Positiv
346,ntar dijadiin iklan ngebully tokopedia pdhal tokopedia kakak lelaki bagus pas kmaren dpt bayar gagal internal server error,Negativ
347,minjgn lupa perbaiki server pelanggan kecewa kabur,Negativ
348,diproses penjual,Negativ
349,gimmick,Negativ
350,error stiap dapet,Negativ
351,tinggal bayar pdahal tebar pesona kgk bsa server error blablabla pas cek flash sale dah ilang bijiii kgk niat ngadain flash sale kya,Positiv
352,parahh,Positiv
353,ngomong bos tokopedia invest server amazon web services server down pengunjung servernya diurusin dapet flash sale nyebar kebohongan kaya gini,Positiv
354,flashsale bohongan niecuma mentok check out,Negativ
355,transaksi flash sale kemarin pembayaran via bca virtual account dana terpotong sistem error belanjaan stuck cart produk habis hilang skrg dana terpotong cart logo notification dibuka cart kosong mohon kebijakan tokopedia bagaimanakesal,Negativ
356,transaksi flash sale kemarin pembayaran via bca virtual account dana terpotong sistem error belanjaan stuck cart produk habis hilang skrg dana terpotong cart logo notification dibuka cart kosong mohon kebijakan tokopedia bagaimanakesal,Positiv
357,min senin gunain voucher ilovemonday cashbacknya masuk skrg min,Negativ
358,gmbarnya kere tulen gift yasin cantik acaramu berkesan kepoin yaa,Negativ
359,hahahahahaha,Negativ
360,subhanallaah sore,Negativ
361,flashsale bikintiap bayar server down trskan aneh,Negativ
362,min tambahin hashtagnyaflashsalephp,Positiv
363,barang masuk keranjang pas bayar maaf stok kosong padahl berpa detik,Negativ
364,fs ngk load pilih barang,Negativ
365,juragan,Negativ
366,habishuft,Negativ
367,awesomee yaa met siang,Negativ
368,mimin servernya benerin min please,Positiv
369,marah,Negativ
370,laporin ylki,Negativ
371,barakallah tokepedia sukses,Positiv
372,deh dm beserta transaksinya penasaran,Positiv
373,sis cpt lgsg kepotong saldonya kalao mah hati stok ksong wkwkkw etss pke tokocash berhasil dipmbyaran gada semenit dikembaliin danaku yaelahh pdoo mawon yakkk,Positiv
374,pembohongan,Negativ
375,awas basic voal bikin ketagihan ready basic voal shinar glamour,Negativ
376,semenit jam tet lgsg belanja berhasil bayar gada semenit lgsg dana dikembalikan pke tokocash bayarxkan boong gamau rugii kayaknya permainan bnyak kunjungi toped hahahha,Positiv
377,wkwkwk percaya flash salekamvret,Positiv
378,jg mentok bayar pdhal rb an gila menitan muter tu gagal server ksel,Positiv
379,pagi dapet tas pas cek taunya dibatalin toped,Positiv
380,barusan cek tas dibatalin topednya,Negativ
381,rejekinya brati tpi kayanya penjualnya ngasih batasan stok deh flash sale pas malem cek olshopnya aplikasi barangnya tersedia,Negativ
382,stok maaf habis dana dikembalikan toko kes dana toko kes pakai haji,Positiv
383,awesomee yaa,Negativ
384,gmbarnya kagum,Positiv
385,pilihan pembayarannyacuma dikasih menit pembayaranga kaya disebelah jam,Positiv
386,met aktivitas pagi yaah,Negativ
387,anjir wkwkwk,Negativ
388,q gakk dpt susah,Positiv
389,payment angin semilir tebar pesona kesalahan terusotw playstore kasih bintang,Negativ
390,toko merah ngadain event kampung sinyalnya sekuat jakarta parah servernya brarti emg persiapkan,Positiv
391,tokopedia kl flash sale barang setoknya banyakin jgn cuman doang nungguin puluhan ribuan org pastiin server lancar nerima pengunjung,Negativ
392,si oren emang bagus barangnya bermutu dapet kadang produk eksklusif sediain oren helm murah sampe boncengan anak lengkappp,Positiv
393,pake kesal kesal,Positiv
394,via transfer ambil tendili moneynya,Positiv
395,ok,Negativ
396,min bayar via tokocash tebar pesona kaga daftar belanja skali tebar pesona tokocash kepotong gmana,Negativ
397,input resi susaaaaahhhh truussss,Negativ
398,benerinnn server dolo njerr,Positiv
399,tahun tukang tipu mulu,Negativ
400,anehflash sale murah bnget bayar langsung back cmn ribu pake point lgiini aneh,Positiv
401,sekian comment respon akun heraann maluin,Positiv
402,eror melanda,Negativ
403,tokocash transfer biasakesal,Positiv
404,tdi pgi syaa beli milo cube sayang kursng berminat kalo pagi enakb bgtu malem rame bener gila,Positiv
405,erorrrrrrr,Positiv
406,menit proses order hahaha bates masuk keranjang server error pembayaran coba lg lain-lain eh kosong stoknya,Positiv
407,pindah shoppe ah enak ciuman upsciuman,Negativ
408,berdosa kasar flash sale pas proses bayar muncul tulisan kesalahan pas klik lg muncul tulisan maaf stok barang kosong,Negativ
409,dapettahunbersama,Positiv
410,xiaomi redmi flash sale pagi proses pengiriman,Positiv
411,kitkat harga ribuan bayar yaaah lumayan,Positiv
412,min kaalau bayar eh pesanan batalkan duit masuk toko bayar langsung jd tunai,Negativ
413,gagal beli uang toko bayar langsung ditarik saldo trs dibalikin bank dasar anak informasi,Negativ
414,kalo niat kasih promo disiapin bener sistemnya,Positiv
415,wkwk incer mahal susah emg tebar pesona temen dapet angin semilir,Negativ
416,ngincer blender gagal mulu langsung home cari produk nyisa dapet deh tas,Negativ
417,lapar lngsng masukin barang krnjang pas check out gagal hahaha mending sale jelassssss,Positiv
418,beli brg trs dibalikin dana tokocash dibatalin penjual cek riwayat transaksi pindahkan saldo tokopedia sampe hitungan menit pindah saldo tunggu hr semoga membantu,Negativ
419,protes smua trick pintar pintar dpt dpt barusan vacum cleaner pas rb dpt flash sale tokped rame pengunjung harga fantastis tebar pesona stock disediakan banya,Negativ
420,kemajuan min berusaha tingkatin pelayanannya min tokped,Negativ
421,uang ku toko bayar langsung taun syaratnya dipindahkan rekening kalo pembatalan,Negativ
422,berhasil dapet,Negativ
423,gagal beli uang toko bayar langsung ditarik saldo trs dibalikin bank dasar anak informasi,Positiv
424,dapet jbl temen dapet angin semilir,Positiv
425,flash sale jd program tokopedia hoaxbayar pake toko bayar langsung cpet,Positiv
426,saldo tokopedia,Negativ
427,kacau,Negativ
428,sandisk normal rb,Positiv
429,ny berita bohong,Negativ
430,diam ambil tendili moneynya biar ngebut bayarnya eh jancuk aplikasi macet-macet sampe crash suwe bat dah,Negativ
431,min flash sale bilangannya gitu mulu cape better benerin servernya kliatan siapnya sendirilah penduduk indonesia juta org kasarnya stgh penduduk indonesia akses tokopedia perhitungan brp data masuk,Negativ
432,mudah han dapet hadiah aamiin,Negativ
433,bener mslhnya berjuang hasil dibilang hoki msalah flashsale jdid jakmall bl shopee belanjaan flash sale pcs jaman tokopedia flashsale sklipun dapet detik kebuka jam pas barangnya habis,Negativ
434,barang ghoibkahkesal,Positiv
435,tinggal pembayaran tinggal ganmasih byk berhasil payment verified engga kalopun berhasil diuji autocancel autorefund ndak thats the flow cb kali amati flownya terapkan komensaya baca komen post sblmnya paham,Negativ
436,kecewa berat,Negativ
437,tetep goib,Negativ
438,kecewaaaaa,Negativ
439,malam keluarin besok pagi,Positiv
440,super parah dibanding pagi jam gimana ni pemberi harapan palsu ajacustomer super kecewaaa,Negativ
441,menit jam lapar menit barangnya belom klik flash salenya berakhirlahhh kocak banget tokopedia,Negativ
442,pinterrr,Positiv
443,kecewa semoga tokopedia berubah nama tokophp,Positiv
444,ni ko bermasalah lihat daftar transaksi isinya kosong beli barang sore cek ko kosong,Positiv
445,min flash sale tokopedia jam malam tanggal agustus berhasil check out memilih pembayaran bca va disitu pemberitahuan kode pembayaran diverifikasi menit kode bayarnya yaterima kasih,Negativ
446,kek yahsudah berhasil prosestinggal bayartp limitnya menitkesal serius nanya,Negativ
447,maaf pengunjung kecewa kunjungan tokopedia dugaan terbaik kami berusaha kualitas pelayanan,Positiv
448,metode pembayaran pakai,Positiv
449,lapak sebelah harga rb flash sale,Positiv
450,dapet tas gagal berkali kali,Positiv
451,boong kali pagi malem susah masuknya pas kebuka barang,Negativ
452,ntaps marketplace orange kyaknya marketplace ijo deh,Negativ
453,guaa jam mantengin hp,Positiv
454,story bro dpt pancake untungan ikutan ratusan ribu orang tebar pesona stok barang terbatas namanya flash,Negativ
455,kirim dm silahkan dicek,Positiv
456,kasih bukti dpet screnshot pembyaran berhasil,Positiv
457,dm silahkan dicek,Negativ
458,flash sale dapet ikutan,Negativ
459,j pro mudah an dicancel,Positiv
460,adain kaya gini orang emosi doangnurunin rating harga tokopedia doang,Positiv
461,percaya,Negativ
462,bokiss flash sale,Positiv
463,toko bayar langsung numpuk saldonya dibatalin mulu berhasil bayar,Negativ
464,setuju,Positiv
465,dm krim post nti iri,Positiv
466,pengguna shopee bl jg promo flash produk harganya tokopedia ngasih harga murah jd peminat shopee bl dibanding tokopedia bl flash sale ngasih produk harga asli produknya rb tokopedia harga produk jutaan jd murah bngt,Positiv
467,ok,Negativ
468,kirain tokopedia belajar pengalaman flash sale mei terulang mendingan kalo blum ngadain flash sale pake flash sale mohon belajar slb sukses ngadain flash sale,Negativ
469,ngejar flash sale tebar pesona dropshiper ambil barang dri seller tokpedakibatnya kerjaan terbengkalai gara order checkout error format tokped dropshiper friendly kalo ngadain flash sale sok nge boom,Positiv
470,down servernya event adain ulang deh diprotes jawabannya suruh coba bebenah,Positiv
471,numpang om top up saldo indomaret,Negativ
472,checkout bener,Positiv
473,bl duitnya bl shake,Positiv
474,bikin story gopro hero brp,Negativ
475,kl adain flash sale serius dongg,Positiv
476,maybelline dapet umpat,Positiv
477,dapet,Negativ
478,harga rbuan,Positiv
479,storyku,Positiv
480,rb gua dapet action cam sma power bank tebar pesona flash sale barangnya diskon gede jd tahan kebutuhan tertawa keras,Positiv
481,dapet juragan rb dapet amazfit bip pagi dapet earphone jbl malem rada aneh dapet helm saldo kepotong tebar pesona gagal checkout dapet selangkah selingkuh transaksi berhasil,Positiv
482,woy,Negativ
483,coba beli apapun kaga error melulu,Negativ
484,eror woy benerin,Positiv
485,wkwkw gua gua doang ngeluh kgak checkout banget yaaa serius sampe kesel pengen banting hape gua jaringan lemot taunya emang susah,Positiv
486,ngincer angin semilir stuck proses bayar,Positiv
487,pagi,Negativ
488,sptnya diuntungkan diisini pedagang tokped yaa tokocash,Negativ
489,juragan diliat bukti kakak lelaki posting ig real berita bohong,Positiv
490,sistemnya overload,Negativ
491,gapernah kebagian astagaaahhh,Negativ
492,flash sale akalan rajin mantengin jam pagi malem sampe nyalain alarm tetep zonk server stock habis coba ku kasar wkwkwkekwk,Negativ
493,teflon frame,Positiv
494,dapet apa,Positiv
495,boicot,Negativ
496,barang,Positiv
497,tokopedia,Positiv
498,nyobain vuma iseng pembayaran mo jam langsung diblng stock habis halaman flashsale masi aneh bin ajaib,Negativ
499,dapet mas barang pagi malamdasar anak,Positiv
500,beneran lihat kepala mata walaubsaya mengakui kalo sedih bete kena marah,Positiv
501,pemberi harapan palsu doang kena tipu kayak keledai,Negativ
502,lihat review orangorang pas beli hp harga flash sale,Positiv
503,koneksi indomie calon anak ayam kornet stabil bagus,Positiv
504,lom beruntung kemarin marah hikz,Positiv
505,norak kali ikutan flash salekesal wkwk,Positiv
506,bukalapak wkwkw tokped ketinggalan ulang ny pelit parah kalah diskonan bukalapak,Negativ
507,nature republic,Negativ
508,dapet namanya jg flash sale bawa santai dapet syukur dapet rejeki namanya harga gilaan wajar byk stand,Positiv
509,dapet nature republic bayar pake cc,Positiv
510,amazing,Positiv
511,beli miband pas mo bayar lamgsung stock habis menjengkelkan pas jam,Negativ
512,amazing,Positiv
513,flassalee,Negativ
514,kecewaaaastok tpi dibayar notif stok kosongperbaiki sistemnya,Negativ
515,pagi berhasil powerbank mili mah thank you pagi experience flash sale drpd semalam well see semoga membatalkan orderan thanks again,Positiv
516,pembodohan umat barang sediain cuman rebutan indonesia,Negativ
517,stock tersedia pas bayar tulisan stock habis kaya lapak sebelah sdh check out barang sdh otomatis bayar ko,Negativ
518,sale kampret,Negativ
519,banget giliran bayar error terusphp,Negativ
520,boongan lgs beli tebar pesona kosong kosong bayar data error server error data not_found cape,Negativ
521,udahhhh dongggkucing kucing,Positiv
522,dpt maen cepetan wkt dl dpt rice cooker kl skrg brg tmn ku dpt blender drone namanya barang diserbu ribuan org cepetan faktor hoki toko sblh jg flash sale dis,Positiv
523,klikpay bca,Positiv
524,bayare pke ecash gimana sihaku bingung kra transfer kya order,Negativ
525,server error trs pdhl klik secepat kilat eh pas klik checkout server error stock kosong,Negativ
526,dapet coba ngaku,Positiv
527,beli xiaomi mukena bali kesalahan jaringan aduuh aneh deh,Negativ
528,hahaha error canggih servernya hahah,Negativ
529,dpet mah error bae serverny,Negativ
530,sabar gt jam barusan dpt pas masuk keranjang server bermasalah gt gt qty pdhl bisanya pas cekout error sekalinya paymentzonkkkstok habis ilang flashsale hahaha fakesale kali yee flashsale,Negativ
531,flash toped bener yakesal kakak lelaki masuk keranjang ribet suru masukin alamatujungnya stok kosong,Negativ
532,dapet hahahahaa,Positiv
533,error lg error lg error lg malam parah drpd kemarin malam klik beli muncul keranjang belanja kosong flow screen jg lari kemana kesalahan server jam lapar lapar tembus tinggal klik bayar lgsg stok habis produk dibilang habis dihapus keranjang belanja jg muncul error main aman goblok really heres my input better do some stress test first before do another flash sale if u are wise youll take this input happy customer will be your repeat customer unhappy customer will be new customer to your competitor,Negativ
534,bnget mbaaa kayak pake hp nyoba eh error perphpan,Negativ
535,terimakasih tokopedia pengalaman mengecewakannya tinggal bayar tebar pesona error trs kali mengatasi error sokan bikin flashsale yatahunbersamakecewabadexperience,Negativ
536,niat flashsale ngadain flashsale kalah lazadashopee prettt,Negativ
537,tipu tipu detik langsung habis,Negativ
538,pake selangkah selingkuh banking,Positiv
539,ka bayarnya,Negativ
540,pakai,Negativ
541,dapet tebar pesona bayarnya pake briva,Positiv
542,berhasil pake briva,Positiv
543,jualan tebar pesona isi ulang tokocash coba gugling deh isi tokocash tokopedia pake,Positiv
544,hmm bagus promo bayar langsung back pacman,Negativ
545,bayar tiba uangnya refund penipuan gimana,Negativ
546,isi klik bca kl jualan jd penjualan uang msk tokocash,Positiv
547,pake kartu kredit ka,Positiv
548,ka bayar pake ka toko caash kah,Positiv
549,bayar pakai toko bayar langsung gimana ka penjelasan,Positiv
550,tokopedia pengalaman mengecewakannya tinggal bayar error kali kalo ngatasin error gausah sok bikin giniantahunbersamamengecewakan,Negativ
551,pemberi harapan palsu,Negativ
552,dapet pagi lumayan,Positiv
553,beneran dpt,Negativ
554,menit min belinyakan rebutan bayarnya mah rebutan,Positiv
555,virtual account bayarnya ambil tendili moneynya ko pembayaran menit ajah buru atmnya,Positiv
556,zonk,Negativ
557,jelasgitu pembayaran loading xpadahal signalnya bagusstock kosong melulupadahal br berjalan menit,Negativ
558,transfer ambil tendili moneynya pengen dpt biar emak seneng,Positiv
559,mayanlah kang sedia payung hujan,Positiv
560,gimn ikiutan tolong bantu jelasin,Negativ
561,ak beli helm berhasil bayar via klik bca nunggu proses seller mudah an dana kembalikan saldo toko bayar langsung,Positiv
562,min server downtolong masak klik produk,Negativ
563,terustahunbersama,Positiv
564,berhasil beli payung harga rebu,Positiv
565,mesti byk belajar collocation server amazon google anak bule tokped semangat,Positiv
566,berdoa weh hoki haha,Negativ
567,bayar lemot pas bayar duitnya tokocash,Negativ
568,bakar,Positiv
569,br buka aplikasi jam teng barang gag stock omong kosong,Positiv
570,dy jg dapet hp rb sampe,Negativ
571,semoga smpe berhasil tangan angin semilir,Positiv
572,susah dapet lucky dibatalin,Positiv
573,skrg sma dpt,Negativ
574,hokian coeg flash sale bayar duit balikin haha like you belanja supermarket bayar struk print barang ambil orang,Positiv
575,flashsale ngelanjutin kemaren yaa engga,Positiv
576,check out tinggal bayar dapet no va tebar pesona pas proses loading lg bayar dana kembalikan check out barangnya keep cm dikasih menit bayar menit loading kiciwa banget deh,Negativ
577,kayanya toko laen flash sale prnh brmslh flash sale brmslh aneh auto uninstal ajh cem ginimah mnding shopee lazada ajh deh,Positiv
578,kali dapet susu enfagrow harga bayar menit lari ambil tendili moneynya,Positiv
579,gagal tinggal bayar tetiba oops stok,Positiv
580,iyaa virtual account,Positiv
581,jam pagi teng kakak lelaki hitungan menit produk kosong,Negativ
582,belum beruntung,Positiv
583,kayaknya emang mayoritas bayar error deh,Positiv
584,ka gigi tajam ngerasain fs tolong jelasin temen tokped fake ngadain flash sale,Positiv
585,ng worth it wasting time ng hadilnya zonk flashsale tong kosong ng barangnya zonk bikin kecewa check out ng eror coba sehabis makan pulang barang hbs pembayaran eror coba sehabis makan pulang berkali barang habis pemberi harapan palsu flash sale zonk palsu bikin kecewa buang cari sensasi doang bikin kecewa customer goodbye deh pindah online,Negativ
586,tokopedia pake jasa aws bos,Negativ
587,zonk mulu,Positiv
588,amazon menginvest tokopedianya alibaba group,Negativ
589,blackmores vitamin ribu,Negativ
590,keranjang belanja msh titik merah terisi barangtp dibuka kosong,Positiv
591,ntar dijadiin iklan ngebully tokopedia pdhal tokopedia kakak lelaki bagus pas kmaren dpt bayar gagal internal server error,Negativ
592,minjgn lupa perbaiki server pelanggan kecewa kabur,Negativ
593,diproses penjual,Negativ
594,gimmick,Negativ
595,error stiap dapet,Negativ
596,tinggal bayar pdahal tebar pesona kgk bsa server error blablabla pas cek flash sale dah ilang bijiii kgk niat ngadain flash sale kya,Positiv
597,parahh,Positiv
598,ngomong bos tokopedia invest server amazon web services server down pengunjung servernya diurusin dapet flash sale nyebar kebohongan kaya gini,Positiv
599,flashsale bohongan niecuma mentok check out,Negativ
600,transaksi flash sale kemarin pembayaran via bca virtual account dana terpotong sistem error belanjaan stuck cart produk habis hilang skrg dana terpotong cart logo notification dibuka cart kosong mohon kebijakan tokopedia bagaimanakesal,Negativ
601,transaksi flash sale kemarin pembayaran via bca virtual account dana terpotong sistem error belanjaan stuck cart produk habis hilang skrg dana terpotong cart logo notification dibuka cart kosong mohon kebijakan tokopedia bagaimanakesal,Positiv
602,min senin gunain voucher ilovemonday cashbacknya masuk skrg min,Negativ
603,gmbarnya kere tulen gift yasin cantik acaramu berkesan kepoin yaa,Negativ
604,hahahahahaha,Negativ
605,subhanallaah sore,Negativ
606,flashsale bikintiap bayar server down trskan aneh,Negativ
607,min tambahin hashtagnyaflashsalephp,Positiv
608,barang masuk keranjang pas bayar maaf stok kosong padahl berpa detik,Negativ
609,fs ngk load pilih barang,Negativ
610,juragan,Negativ
611,habishuft,Negativ
612,awesomee yaa met siang,Negativ
613,mimin servernya benerin min please,Positiv
614,marah,Negativ
615,laporin ylki,Negativ
616,barakallah tokepedia sukses,Positiv
617,deh dm beserta transaksinya penasaran,Positiv
618,sis cpt lgsg kepotong saldonya kalao mah hati stok ksong wkwkkw etss pke tokocash berhasil dipmbyaran gada semenit dikembaliin danaku yaelahh pdoo mawon yakkk,Positiv
619,pembohongan,Negativ
620,awas basic voal bikin ketagihan ready basic voal shinar glamour,Negativ
621,semenit jam tet lgsg belanja berhasil bayar gada semenit lgsg dana dikembalikan pke tokocash bayarxkan boong gamau rugii kayaknya permainan bnyak kunjungi toped hahahha,Positiv
622,wkwkwk percaya flash salekamvret,Positiv
623,jg mentok bayar pdhal rb an gila menitan muter tu gagal server ksel,Positiv
624,pagi dapet tas pas cek taunya dibatalin toped,Positiv
625,barusan cek tas dibatalin topednya,Negativ
626,rejekinya brati tpi kayanya penjualnya ngasih batasan stok deh flash sale pas malem cek olshopnya aplikasi barangnya tersedia,Negativ
627,stok maaf habis dana dikembalikan toko kes dana toko kes pakai haji,Positiv
628,awesomee yaa,Negativ
629,gmbarnya kagum,Positiv
630,pilihan pembayarannyacuma dikasih menit pembayaranga kaya disebelah jam,Positiv
631,met aktivitas pagi yaah,Negativ
632,anjir wkwkwk,Negativ
633,q gakk dpt susah,Positiv
634,payment angin semilir tebar pesona kesalahan terusotw playstore kasih bintang,Negativ
635,toko merah ngadain event kampung sinyalnya sekuat jakarta parah servernya brarti emg persiapkan,Positiv
636,tokopedia kl flash sale barang setoknya banyakin jgn cuman doang nungguin puluhan ribuan org pastiin server lancar nerima pengunjung,Negativ
637,si oren emang bagus barangnya bermutu dapet kadang produk eksklusif sediain oren helm murah sampe boncengan anak lengkappp,Positiv
638,pake kesal kesal,Positiv
639,via transfer ambil tendili moneynya,Positiv
640,ok,Negativ
641,min bayar via tokocash tebar pesona kaga daftar belanja skali tebar pesona tokocash kepotong gmana,Negativ
642,input resi susaaaaahhhh truussss,Negativ
643,benerinnn server dolo njerr,Positiv
644,tahun tukang tipu mulu,Negativ
645,anehflash sale murah bnget bayar langsung back cmn ribu pake point lgiini aneh,Positiv
646,sekian comment respon akun heraann maluin,Positiv
647,eror melanda,Negativ
648,tokocash transfer biasakesal,Positiv
649,tdi pgi syaa beli milo cube sayang kursng berminat kalo pagi enakb bgtu malem rame bener gila,Positiv
650,erorrrrrrr,Positiv
651,menit proses order hahaha bates masuk keranjang server error pembayaran coba lg lain-lain eh kosong stoknya,Positiv
652,pindah shoppe ah enak ciuman upsciuman,Negativ
653,berdosa kasar flash sale pas proses bayar muncul tulisan kesalahan pas klik lg muncul tulisan maaf stok barang kosong,Negativ
654,dapettahunbersama,Positiv
655,xiaomi redmi flash sale pagi proses pengiriman,Positiv
656,kitkat harga ribuan bayar yaaah lumayan,Positiv
657,min kaalau bayar eh pesanan batalkan duit masuk toko bayar langsung jd tunai,Negativ
658,gagal beli uang toko bayar langsung ditarik saldo trs dibalikin bank dasar anak informasi,Negativ
659,kalo niat kasih promo disiapin bener sistemnya,Positiv
660,wkwk incer mahal susah emg tebar pesona temen dapet angin semilir,Negativ
661,ngincer blender gagal mulu langsung home cari produk nyisa dapet deh tas,Negativ
662,lapar lngsng masukin barang krnjang pas check out gagal hahaha mending sale jelassssss,Positiv
663,beli brg trs dibalikin dana tokocash dibatalin penjual cek riwayat transaksi pindahkan saldo tokopedia sampe hitungan menit pindah saldo tunggu hr semoga membantu,Negativ
664,protes smua trick pintar pintar dpt dpt barusan vacum cleaner pas rb dpt flash sale tokped rame pengunjung harga fantastis tebar pesona stock disediakan banya,Negativ
665,kemajuan min berusaha tingkatin pelayanannya min tokped,Negativ
666,uang ku toko bayar langsung taun syaratnya dipindahkan rekening kalo pembatalan,Negativ
667,berhasil dapet,Negativ
668,gagal beli uang toko bayar langsung ditarik saldo trs dibalikin bank dasar anak informasi,Positiv
669,dapet jbl temen dapet angin semilir,Positiv
670,flash sale jd program tokopedia hoaxbayar pake toko bayar langsung cpet,Positiv
671,saldo tokopedia,Negativ
672,kacau,Negativ
673,sandisk normal rb,Positiv
674,ny berita bohong,Negativ
675,diam ambil tendili moneynya biar ngebut bayarnya eh jancuk aplikasi macet-macet sampe crash suwe bat dah,Negativ
676,min flash sale bilangannya gitu mulu cape better benerin servernya kliatan siapnya sendirilah penduduk indonesia juta org kasarnya stgh penduduk indonesia akses tokopedia perhitungan brp data masuk,Negativ
677,mudah han dapet hadiah aamiin,Negativ
678,bener mslhnya berjuang hasil dibilang hoki msalah flashsale jdid jakmall bl shopee belanjaan flash sale pcs jaman tokopedia flashsale sklipun dapet detik kebuka jam pas barangnya habis,Negativ
679,barang ghoibkahkesal,Positiv
680,tinggal pembayaran tinggal ganmasih byk berhasil payment verified engga kalopun berhasil diuji autocancel autorefund ndak thats the flow cb kali amati flownya terapkan komensaya baca komen post sblmnya paham,Negativ
681,kecewa berat,Negativ
682,tetep goib,Negativ
683,kecewaaaaa,Negativ
684,malam keluarin besok pagi,Positiv
685,super parah dibanding pagi jam gimana ni pemberi harapan palsu ajacustomer super kecewaaa,Negativ
686,menit jam lapar menit barangnya belom klik flash salenya berakhirlahhh kocak banget tokopedia,Negativ
687,pinterrr,Positiv
688,kecewa semoga tokopedia berubah nama tokophp,Positiv
689,ni ko bermasalah lihat daftar transaksi isinya kosong beli barang sore cek ko kosong,Positiv
690,min flash sale tokopedia jam malam tanggal agustus berhasil check out memilih pembayaran bca va disitu pemberitahuan kode pembayaran diverifikasi menit kode bayarnya yaterima kasih,Negativ
691,kek yahsudah berhasil prosestinggal bayartp limitnya menitkesal serius nanya,Negativ
692,maaf pengunjung kecewa kunjungan tokopedia dugaan terbaik kami berusaha kualitas pelayanan,Positiv
693,metode pembayaran pakai,Positiv
694,lapak sebelah harga rb flash sale,Positiv
695,dapet tas gagal berkali kali,Positiv
696,boong kali pagi malem susah masuknya pas kebuka barang,Negativ
697,ntaps marketplace orange kyaknya marketplace ijo deh,Negativ
698,guaa jam mantengin hp,Positiv
699,story bro dpt pancake untungan ikutan ratusan ribu orang tebar pesona stok barang terbatas namanya flash,Negativ
700,kirim dm silahkan dicek,Positiv
701,kasih bukti dpet screnshot pembyaran berhasil,Positiv
702,dm silahkan dicek,Negativ
703,flash sale dapet ikutan,Negativ
704,j pro mudah an dicancel,Positiv
705,adain kaya gini orang emosi doangnurunin rating harga tokopedia doang,Positiv
706,percaya,Negativ
707,bokiss flash sale,Positiv
708,toko bayar langsung numpuk saldonya dibatalin mulu berhasil bayar,Negativ
709,setuju,Positiv
710,dm krim post nti iri,Positiv
711,pengguna shopee bl jg promo flash produk harganya tokopedia ngasih harga murah jd peminat shopee bl dibanding tokopedia bl flash sale ngasih produk harga asli produknya rb tokopedia harga produk jutaan jd murah bngt,Positiv
712,ok,Negativ
713,kirain tokopedia belajar pengalaman flash sale mei terulang mendingan kalo blum ngadain flash sale pake flash sale mohon belajar slb sukses ngadain flash sale,Negativ
714,ngejar flash sale tebar pesona dropshiper ambil barang dri seller tokpedakibatnya kerjaan terbengkalai gara order checkout error format tokped dropshiper friendly kalo ngadain flash sale sok nge boom,Positiv
715,down servernya event adain ulang deh diprotes jawabannya suruh coba bebenah,Positiv
716,numpang om top up saldo indomaret,Negativ
717,checkout bener,Positiv
718,bl duitnya bl shake,Positiv
719,bikin story gopro hero brp,Negativ
720,kl adain flash sale serius dongg,Positiv
721,maybelline dapet umpat,Positiv
722,dapet,Negativ
723,harga rbuan,Positiv
724,storyku,Positiv
725,rb gua dapet action cam sma power bank tebar pesona flash sale barangnya diskon gede jd tahan kebutuhan tertawa keras,Positiv
726,dapet juragan rb dapet amazfit bip pagi dapet earphone jbl malem rada aneh dapet helm saldo kepotong tebar pesona gagal checkout dapet selangkah selingkuh transaksi berhasil,Positiv
727,woy,Negativ
728,coba beli apapun kaga error melulu,Negativ
729,eror woy benerin,Positiv
730,wkwkw gua gua doang ngeluh kgak checkout banget yaaa serius sampe kesel pengen banting hape gua jaringan lemot taunya emang susah,Positiv
731,ngincer angin semilir stuck proses bayar,Positiv
732,pagi,Negativ
733,sptnya diuntungkan diisini pedagang tokped yaa tokocash,Negativ
734,juragan diliat bukti kakak lelaki posting ig real berita bohong,Positiv
735,sistemnya overload,Negativ
736,gapernah kebagian astagaaahhh,Negativ
737,flash sale akalan rajin mantengin jam pagi malem sampe nyalain alarm tetep zonk server stock habis coba ku kasar wkwkwkekwk,Negativ
738,teflon frame,Positiv
739,dapet apa,Positiv
740,boicot,Negativ
741,barang,Positiv
742,tokopedia,Positiv
743,nyobain vuma iseng pembayaran mo jam langsung diblng stock habis halaman flashsale masi aneh bin ajaib,Negativ
744,dapet mas barang pagi malamdasar anak,Positiv
745,beneran lihat kepala mata walaubsaya mengakui kalo sedih bete kena marah,Positiv
746,pemberi harapan palsu doang kena tipu kayak keledai,Negativ
747,lihat review orangorang pas beli hp harga flash sale,Positiv
748,koneksi indomie calon anak ayam kornet stabil bagus,Positiv
749,lom beruntung kemarin marah hikz,Positiv
750,norak kali ikutan flash salekesal wkwk,Positiv
751,bukalapak wkwkw tokped ketinggalan ulang ny pelit parah kalah diskonan bukalapak,Negativ
752,nature republic,Negativ
753,dapet namanya jg flash sale bawa santai dapet syukur dapet rejeki namanya harga gilaan wajar byk stand,Positiv
754,dapet nature republic bayar pake cc,Positiv
755,amazing,Positiv
756,beli miband pas mo bayar lamgsung stock habis menjengkelkan pas jam,Negativ
757,amazing,Positiv
758,flassalee,Negativ
759,kecewaaaastok tpi dibayar notif stok kosongperbaiki sistemnya,Negativ
760,pagi berhasil powerbank mili mah thank you pagi experience flash sale drpd semalam well see semoga membatalkan orderan thanks again,Positiv
761,pembodohan umat barang sediain cuman rebutan indonesia,Negativ
762,stock tersedia pas bayar tulisan stock habis kaya lapak sebelah sdh check out barang sdh otomatis bayar ko,Negativ
763,sale kampret,Negativ
764,banget giliran bayar error terusphp,Negativ
765,boongan lgs beli tebar pesona kosong kosong bayar data error server error data not_found cape,Negativ
766,udahhhh dongggkucing kucing,Positiv
767,dpt maen cepetan wkt dl dpt rice cooker kl skrg brg tmn ku dpt blender drone namanya barang diserbu ribuan org cepetan faktor hoki toko sblh jg flash sale dis,Positiv
768,klikpay bca,Positiv
769,bayare pke ecash gimana sihaku bingung kra transfer kya order,Negativ
770,server error trs pdhl klik secepat kilat eh pas klik checkout server error stock kosong,Negativ
771,dapet coba ngaku,Positiv
772,beli xiaomi mukena bali kesalahan jaringan aduuh aneh deh,Negativ
773,hahaha error canggih servernya hahah,Negativ
774,dpet mah error bae serverny,Negativ
775,sabar gt jam barusan dpt pas masuk keranjang server bermasalah gt gt qty pdhl bisanya pas cekout error sekalinya paymentzonkkkstok habis ilang flashsale hahaha fakesale kali yee flashsale,Negativ
776,flash toped bener yakesal kakak lelaki masuk keranjang ribet suru masukin alamatujungnya stok kosong,Negativ
777,dapet hahahahaa,Positiv
778,error lg error lg error lg malam parah drpd kemarin malam klik beli muncul keranjang belanja kosong flow screen jg lari kemana kesalahan server jam lapar lapar tembus tinggal klik bayar lgsg stok habis produk dibilang habis dihapus keranjang belanja jg muncul error main aman goblok really heres my input better do some stress test first before do another flash sale if u are wise youll take this input happy customer will be your repeat customer unhappy customer will be new customer to your competitor,Negativ
779,bnget mbaaa kayak pake hp nyoba eh error perphpan,Negativ
780,terimakasih tokopedia pengalaman mengecewakannya tinggal bayar tebar pesona error trs kali mengatasi error sokan bikin flashsale yatahunbersamakecewabadexperience,Negativ
781,niat flashsale ngadain flashsale kalah lazadashopee prettt,Negativ
782,tipu tipu detik langsung habis,Negativ
783,pake selangkah selingkuh banking,Positiv
784,ka bayarnya,Negativ
785,pakai,Negativ
786,dapet tebar pesona bayarnya pake briva,Positiv
787,berhasil pake briva,Positiv
788,jualan tebar pesona isi ulang tokocash coba gugling deh isi tokocash tokopedia pake,Positiv
789,hmm bagus promo bayar langsung back pacman,Negativ
790,bayar tiba uangnya refund penipuan gimana,Negativ
791,isi klik bca kl jualan jd penjualan uang msk tokocash,Positiv
792,pake kartu kredit ka,Positiv
793,ka bayar pake ka toko caash kah,Positiv
794,bayar pakai toko bayar langsung gimana ka penjelasan,Positiv
795,tokopedia pengalaman mengecewakannya tinggal bayar error kali kalo ngatasin error gausah sok bikin giniantahunbersamamengecewakan,Negativ
796,pemberi harapan palsu,Negativ
797,dapet pagi lumayan,Positiv
798,beneran dpt,Negativ
799,menit min belinyakan rebutan bayarnya mah rebutan,Positiv
800,virtual account bayarnya ambil tendili moneynya ko pembayaran menit ajah buru atmnya,Positiv
801,zonk,Negativ
802,jelasgitu pembayaran loading xpadahal signalnya bagusstock kosong melulupadahal br berjalan menit,Negativ
803,transfer ambil tendili moneynya pengen dpt biar emak seneng,Positiv
804,mayanlah kang sedia payung hujan,Positiv
805,gimn ikiutan tolong bantu jelasin,Negativ
806,ak beli helm berhasil bayar via klik bca nunggu proses seller mudah an dana kembalikan saldo toko bayar langsung,Positiv
807,min server downtolong masak klik produk,Negativ
808,terustahunbersama,Positiv
809,berhasil beli payung harga rebu,Positiv
810,mesti byk belajar collocation server amazon google anak bule tokped semangat,Positiv
811,berdoa weh hoki haha,Negativ
812,bayar lemot pas bayar duitnya tokocash,Negativ
813,bakar,Positiv
814,br buka aplikasi jam teng barang gag stock omong kosong,Positiv
815,dy jg dapet hp rb sampe,Negativ
816,semoga smpe berhasil tangan angin semilir,Positiv
817,susah dapet lucky dibatalin,Positiv
818,skrg sma dpt,Negativ
819,hokian coeg flash sale bayar duit balikin haha like you belanja supermarket bayar struk print barang ambil orang,Positiv
820,flashsale ngelanjutin kemaren yaa engga,Positiv
821,check out tinggal bayar dapet no va tebar pesona pas proses loading lg bayar dana kembalikan check out barangnya keep cm dikasih menit bayar menit loading kiciwa banget deh,Negativ
822,kayanya toko laen flash sale prnh brmslh flash sale brmslh aneh auto uninstal ajh cem ginimah mnding shopee lazada ajh deh,Positiv
823,kali dapet susu enfagrow harga bayar menit lari ambil tendili moneynya,Positiv
824,gagal tinggal bayar tetiba oops stok,Positiv
825,iyaa virtual account,Positiv
826,jam pagi teng kakak lelaki hitungan menit produk kosong,Negativ
827,belum beruntung,Positiv
828,kayaknya emang mayoritas bayar error deh,Positiv
829,ka gigi tajam ngerasain fs tolong jelasin temen tokped fake ngadain flash sale,Positiv
830,ng worth it wasting time ng hadilnya zonk flashsale tong kosong ng barangnya zonk bikin kecewa check out ng eror coba sehabis makan pulang barang hbs pembayaran eror coba sehabis makan pulang berkali barang habis pemberi harapan palsu flash sale zonk palsu bikin kecewa buang cari sensasi doang bikin kecewa customer goodbye deh pindah online,Negativ
831,tokopedia pake jasa aws bos,Negativ
832,zonk mulu,Positiv
833,amazon menginvest tokopedianya alibaba group,Negativ
834,blackmores vitamin ribu,Negativ
835,keranjang belanja msh titik merah terisi barangtp dibuka kosong,Positiv
836,ntar dijadiin iklan ngebully tokopedia pdhal tokopedia kakak lelaki bagus pas kmaren dpt bayar gagal internal server error,Negativ
837,minjgn lupa perbaiki server pelanggan kecewa kabur,Negativ
838,diproses penjual,Negativ
839,gimmick,Negativ
840,error stiap dapet,Negativ
841,tinggal bayar pdahal tebar pesona kgk bsa server error blablabla pas cek flash sale dah ilang bijiii kgk niat ngadain flash sale kya,Positiv
842,parahh,Positiv
843,ngomong bos tokopedia invest server amazon web services server down pengunjung servernya diurusin dapet flash sale nyebar kebohongan kaya gini,Positiv
844,flashsale bohongan niecuma mentok check out,Negativ
845,transaksi flash sale kemarin pembayaran via bca virtual account dana terpotong sistem error belanjaan stuck cart produk habis hilang skrg dana terpotong cart logo notification dibuka cart kosong mohon kebijakan tokopedia bagaimanakesal,Negativ
846,transaksi flash sale kemarin pembayaran via bca virtual account dana terpotong sistem error belanjaan stuck cart produk habis hilang skrg dana terpotong cart logo notification dibuka cart kosong mohon kebijakan tokopedia bagaimanakesal,Positiv
847,min senin gunain voucher ilovemonday cashbacknya masuk skrg min,Negativ
848,gmbarnya kere tulen gift yasin cantik acaramu berkesan kepoin yaa,Negativ
849,hahahahahaha,Negativ
850,subhanallaah sore,Negativ
851,flashsale bikintiap bayar server down trskan aneh,Negativ
852,min tambahin hashtagnyaflashsalephp,Positiv
853,barang masuk keranjang pas bayar maaf stok kosong padahl berpa detik,Negativ
854,fs ngk load pilih barang,Negativ
855,juragan,Negativ
856,habishuft,Negativ
857,awesomee yaa met siang,Negativ
858,mimin servernya benerin min please,Positiv
859,marah,Negativ
860,laporin ylki,Negativ
861,barakallah tokepedia sukses,Positiv
862,deh dm beserta transaksinya penasaran,Positiv
863,sis cpt lgsg kepotong saldonya kalao mah hati stok ksong wkwkkw etss pke tokocash berhasil dipmbyaran gada semenit dikembaliin danaku yaelahh pdoo mawon yakkk,Positiv
864,pembohongan,Negativ
865,awas basic voal bikin ketagihan ready basic voal shinar glamour,Negativ
866,semenit jam tet lgsg belanja berhasil bayar gada semenit lgsg dana dikembalikan pke tokocash bayarxkan boong gamau rugii kayaknya permainan bnyak kunjungi toped hahahha,Positiv
867,wkwkwk percaya flash salekamvret,Positiv
868,jg mentok bayar pdhal rb an gila menitan muter tu gagal server ksel,Positiv
869,pagi dapet tas pas cek taunya dibatalin toped,Positiv
870,barusan cek tas dibatalin topednya,Negativ
871,rejekinya brati tpi kayanya penjualnya ngasih batasan stok deh flash sale pas malem cek olshopnya aplikasi barangnya tersedia,Negativ
872,stok maaf habis dana dikembalikan toko kes dana toko kes pakai haji,Positiv
873,awesomee yaa,Negativ
874,gmbarnya kagum,Positiv
875,pilihan pembayarannyacuma dikasih menit pembayaranga kaya disebelah jam,Positiv
876,met aktivitas pagi yaah,Negativ
877,anjir wkwkwk,Negativ
878,q gakk dpt susah,Positiv
879,payment angin semilir tebar pesona kesalahan terusotw playstore kasih bintang,Negativ
880,toko merah ngadain event kampung sinyalnya sekuat jakarta parah servernya brarti emg persiapkan,Positiv
881,tokopedia kl flash sale barang setoknya banyakin jgn cuman doang nungguin puluhan ribuan org pastiin server lancar nerima pengunjung,Negativ
882,si oren emang bagus barangnya bermutu dapet kadang produk eksklusif sediain oren helm murah sampe boncengan anak lengkappp,Positiv
883,pake kesal kesal,Positiv
884,via transfer ambil tendili moneynya,Positiv
885,ok,Negativ
886,min bayar via tokocash tebar pesona kaga daftar belanja skali tebar pesona tokocash kepotong gmana,Negativ
887,input resi susaaaaahhhh truussss,Negativ
888,benerinnn server dolo njerr,Positiv
889,tahun tukang tipu mulu,Negativ
890,anehflash sale murah bnget bayar langsung back cmn ribu pake point lgiini aneh,Positiv
891,sekian comment respon akun heraann maluin,Positiv
892,eror melanda,Negativ
893,tokocash transfer biasakesal,Positiv
894,tdi pgi syaa beli milo cube sayang kursng berminat kalo pagi enakb bgtu malem rame bener gila,Positiv
895,erorrrrrrr,Positiv
896,menit proses order hahaha bates masuk keranjang server error pembayaran coba lg lain-lain eh kosong stoknya,Positiv
897,pindah shoppe ah enak ciuman upsciuman,Negativ
898,berdosa kasar flash sale pas proses bayar muncul tulisan kesalahan pas klik lg muncul tulisan maaf stok barang kosong,Negativ
899,dapettahunbersama,Positiv
900,xiaomi redmi flash sale pagi proses pengiriman,Positiv
901,kitkat harga ribuan bayar yaaah lumayan,Positiv
902,min kaalau bayar eh pesanan batalkan duit masuk toko bayar langsung jd tunai,Negativ
903,gagal beli uang toko bayar langsung ditarik saldo trs dibalikin bank dasar anak informasi,Negativ
904,kalo niat kasih promo disiapin bener sistemnya,Positiv
905,wkwk incer mahal susah emg tebar pesona temen dapet angin semilir,Negativ
906,ngincer blender gagal mulu langsung home cari produk nyisa dapet deh tas,Negativ
907,lapar lngsng masukin barang krnjang pas check out gagal hahaha mending sale jelassssss,Positiv
908,beli brg trs dibalikin dana tokocash dibatalin penjual cek riwayat transaksi pindahkan saldo tokopedia sampe hitungan menit pindah saldo tunggu hr semoga membantu,Negativ
909,protes smua trick pintar pintar dpt dpt barusan vacum cleaner pas rb dpt flash sale tokped rame pengunjung harga fantastis tebar pesona stock disediakan banya,Negativ
910,kemajuan min berusaha tingkatin pelayanannya min tokped,Negativ
911,uang ku toko bayar langsung taun syaratnya dipindahkan rekening kalo pembatalan,Negativ
912,berhasil dapet,Negativ
913,gagal beli uang toko bayar langsung ditarik saldo trs dibalikin bank dasar anak informasi,Positiv
914,dapet jbl temen dapet angin semilir,Positiv
915,flash sale jd program tokopedia hoaxbayar pake toko bayar langsung cpet,Positiv
916,saldo tokopedia,Negativ
917,kacau,Negativ
918,sandisk normal rb,Positiv
919,ny berita bohong,Negativ
920,diam ambil tendili moneynya biar ngebut bayarnya eh jancuk aplikasi macet-macet sampe crash suwe bat dah,Negativ
921,min flash sale bilangannya gitu mulu cape better benerin servernya kliatan siapnya sendirilah penduduk indonesia juta org kasarnya stgh penduduk indonesia akses tokopedia perhitungan brp data masuk,Negativ
922,mudah han dapet hadiah aamiin,Negativ
923,bener mslhnya berjuang hasil dibilang hoki msalah flashsale jdid jakmall bl shopee belanjaan flash sale pcs jaman tokopedia flashsale sklipun dapet detik kebuka jam pas barangnya habis,Negativ
924,barang ghoibkahkesal,Positiv
925,tinggal pembayaran tinggal ganmasih byk berhasil payment verified engga kalopun berhasil diuji autocancel autorefund ndak thats the flow cb kali amati flownya terapkan komensaya baca komen post sblmnya paham,Negativ
926,kecewa berat,Negativ
927,tetep goib,Negativ
928,kecewaaaaa,Negativ
929,malam keluarin besok pagi,Positiv
930,super parah dibanding pagi jam gimana ni pemberi harapan palsu ajacustomer super kecewaaa,Negativ
931,menit jam lapar menit barangnya belom klik flash salenya berakhirlahhh kocak banget tokopedia,Negativ
932,pinterrr,Positiv
933,kecewa semoga tokopedia berubah nama tokophp,Positiv
934,ni ko bermasalah lihat daftar transaksi isinya kosong beli barang sore cek ko kosong,Positiv
935,min flash sale tokopedia jam malam tanggal agustus berhasil check out memilih pembayaran bca va disitu pemberitahuan kode pembayaran diverifikasi menit kode bayarnya yaterima kasih,Negativ
936,kek yahsudah berhasil prosestinggal bayartp limitnya menitkesal serius nanya,Negativ
937,maaf pengunjung kecewa kunjungan tokopedia dugaan terbaik kami berusaha kualitas pelayanan,Positiv
938,metode pembayaran pakai,Positiv
939,lapak sebelah harga rb flash sale,Positiv
940,dapet tas gagal berkali kali,Positiv
941,boong kali pagi malem susah masuknya pas kebuka barang,Negativ
942,ntaps marketplace orange kyaknya marketplace ijo deh,Negativ
943,guaa jam mantengin hp,Positiv
944,story bro dpt pancake untungan ikutan ratusan ribu orang tebar pesona stok barang terbatas namanya flash,Negativ
945,kirim dm silahkan dicek,Positiv
946,kasih bukti dpet screnshot pembyaran berhasil,Positiv
947,dm silahkan dicek,Negativ
948,flash sale dapet ikutan,Negativ
949,j pro mudah an dicancel,Positiv
950,adain kaya gini orang emosi doangnurunin rating harga tokopedia doang,Positiv
951,percaya,Negativ
952,bokiss flash sale,Positiv
953,toko bayar langsung numpuk saldonya dibatalin mulu berhasil bayar,Negativ
954,setuju,Positiv
955,dm krim post nti iri,Positiv
956,pengguna shopee bl jg promo flash produk harganya tokopedia ngasih harga murah jd peminat shopee bl dibanding tokopedia bl flash sale ngasih produk harga asli produknya rb tokopedia harga produk jutaan jd murah bngt,Positiv
957,ok,Negativ
958,kirain tokopedia belajar pengalaman flash sale mei terulang mendingan kalo blum ngadain flash sale pake flash sale mohon belajar slb sukses ngadain flash sale,Negativ
959,ngejar flash sale tebar pesona dropshiper ambil barang dri seller tokpedakibatnya kerjaan terbengkalai gara order checkout error format tokped dropshiper friendly kalo ngadain flash sale sok nge boom,Positiv
960,down servernya event adain ulang deh diprotes jawabannya suruh coba bebenah,Positiv
961,numpang om top up saldo indomaret,Negativ
962,checkout bener,Positiv
963,bl duitnya bl shake,Positiv
964,bikin story gopro hero brp,Negativ
965,kl adain flash sale serius dongg,Positiv
966,maybelline dapet umpat,Positiv
967,dapet,Negativ
968,harga rbuan,Positiv
969,storyku,Positiv
970,rb gua dapet action cam sma power bank tebar pesona flash sale barangnya diskon gede jd tahan kebutuhan tertawa keras,Positiv
971,dapet juragan rb dapet amazfit bip pagi dapet earphone jbl malem rada aneh dapet helm saldo kepotong tebar pesona gagal checkout dapet selangkah selingkuh transaksi berhasil,Positiv
972,woy,Negativ
973,coba beli apapun kaga error melulu,Negativ
974,eror woy benerin,Positiv
975,wkwkw gua gua doang ngeluh kgak checkout banget yaaa serius sampe kesel pengen banting hape gua jaringan lemot taunya emang susah,Positiv
976,ngincer angin semilir stuck proses bayar,Positiv
977,pagi,Negativ
978,sptnya diuntungkan diisini pedagang tokped yaa tokocash,Negativ
979,juragan diliat bukti kakak lelaki posting ig real berita bohong,Positiv
980,sistemnya overload,Negativ
981,gapernah kebagian astagaaahhh,Negativ
982,flash sale akalan rajin mantengin jam pagi malem sampe nyalain alarm tetep zonk server stock habis coba ku kasar wkwkwkekwk,Negativ
983,teflon frame,Positiv
984,dapet apa,Positiv
985,boicot,Negativ
986,barang,Positiv
987,tokopedia,Positiv
988,nyobain vuma iseng pembayaran mo jam langsung diblng stock habis halaman flashsale masi aneh bin ajaib,Negativ
989,dapet mas barang pagi malamdasar anak,Positiv
990,beneran lihat kepala mata walaubsaya mengakui kalo sedih bete kena marah,Positiv
991,pemberi harapan palsu doang kena tipu kayak keledai,Negativ
992,lihat review orangorang pas beli hp harga flash sale,Positiv
993,koneksi indomie calon anak ayam kornet stabil bagus,Positiv
994,lom beruntung kemarin marah hikz,Positiv
995,norak kali ikutan flash salekesal wkwk,Positiv
996,bukalapak wkwkw tokped ketinggalan ulang ny pelit parah kalah diskonan bukalapak,Negativ
997,nature republic,Negativ
998,dapet namanya jg flash sale bawa santai dapet syukur dapet rejeki namanya harga gilaan wajar byk stand,Positiv
999,dapet nature republic bayar pake cc,Positiv
1000,amazing,Positiv
1001,beli miband pas mo bayar lamgsung stock habis menjengkelkan pas jam,Negativ
1002,amazing,Positiv
1003,flassalee,Negativ
1004,kecewaaaastok tpi dibayar notif stok kosongperbaiki sistemnya,Negativ
1005,pagi berhasil powerbank mili mah thank you pagi experience flash sale drpd semalam well see semoga membatalkan orderan thanks again,Positiv
1006,pembodohan umat barang sediain cuman rebutan indonesia,Negativ
1007,stock tersedia pas bayar tulisan stock habis kaya lapak sebelah sdh check out barang sdh otomatis bayar ko,Negativ
1008,sale kampret,Negativ
1009,banget giliran bayar error terusphp,Negativ
1010,boongan lgs beli tebar pesona kosong kosong bayar data error server error data not_found cape,Negativ
1011,udahhhh dongggkucing kucing,Positiv
1012,dpt maen cepetan wkt dl dpt rice cooker kl skrg brg tmn ku dpt blender drone namanya barang diserbu ribuan org cepetan faktor hoki toko sblh jg flash sale dis,Positiv
1013,klikpay bca,Positiv
1014,bayare pke ecash gimana sihaku bingung kra transfer kya order,Negativ
1015,server error trs pdhl klik secepat kilat eh pas klik checkout server error stock kosong,Negativ
1016,dapet coba ngaku,Positiv
1017,beli xiaomi mukena bali kesalahan jaringan aduuh aneh deh,Negativ
1018,hahaha error canggih servernya hahah,Negativ
1019,dpet mah error bae serverny,Negativ
1020,sabar gt jam barusan dpt pas masuk keranjang server bermasalah gt gt qty pdhl bisanya pas cekout error sekalinya paymentzonkkkstok habis ilang flashsale hahaha fakesale kali yee flashsale,Negativ
1021,flash toped bener yakesal kakak lelaki masuk keranjang ribet suru masukin alamatujungnya stok kosong,Negativ
1022,dapet hahahahaa,Positiv
1023,error lg error lg error lg malam parah drpd kemarin malam klik beli muncul keranjang belanja kosong flow screen jg lari kemana kesalahan server jam lapar lapar tembus tinggal klik bayar lgsg stok habis produk dibilang habis dihapus keranjang belanja jg muncul error main aman goblok really heres my input better do some stress test first before do another flash sale if u are wise youll take this input happy customer will be your repeat customer unhappy customer will be new customer to your competitor,Negativ
1024,bnget mbaaa kayak pake hp nyoba eh error perphpan,Negativ
1025,terimakasih tokopedia pengalaman mengecewakannya tinggal bayar tebar pesona error trs kali mengatasi error sokan bikin flashsale yatahunbersamakecewabadexperience,Negativ
1026,niat flashsale ngadain flashsale kalah lazadashopee prettt,Negativ
1027,tipu tipu detik langsung habis,Negativ
1028,pake selangkah selingkuh banking,Positiv
1029,ka bayarnya,Negativ
1030,pakai,Negativ
1031,dapet tebar pesona bayarnya pake briva,Positiv
1032,berhasil pake briva,Positiv
1033,jualan tebar pesona isi ulang tokocash coba gugling deh isi tokocash tokopedia pake,Positiv
1034,hmm bagus promo bayar langsung back pacman,Negativ
1035,bayar tiba uangnya refund penipuan gimana,Negativ
1036,isi klik bca kl jualan jd penjualan uang msk tokocash,Positiv
1037,pake kartu kredit ka,Positiv
1038,ka bayar pake ka toko caash kah,Positiv
1039,bayar pakai toko bayar langsung gimana ka penjelasan,Positiv
1040,tokopedia pengalaman mengecewakannya tinggal bayar error kali kalo ngatasin error gausah sok bikin giniantahunbersamamengecewakan,Negativ
1041,pemberi harapan palsu,Negativ
1042,dapet pagi lumayan,Positiv
1043,beneran dpt,Negativ
1044,menit min belinyakan rebutan bayarnya mah rebutan,Positiv
1045,virtual account bayarnya ambil tendili moneynya ko pembayaran menit ajah buru atmnya,Positiv
1046,zonk,Negativ
1047,jelasgitu pembayaran loading xpadahal signalnya bagusstock kosong melulupadahal br berjalan menit,Negativ
1048,transfer ambil tendili moneynya pengen dpt biar emak seneng,Positiv
1049,mayanlah kang sedia payung hujan,Positiv
1050,gimn ikiutan tolong bantu jelasin,Negativ
1051,ak beli helm berhasil bayar via klik bca nunggu proses seller mudah an dana kembalikan saldo toko bayar langsung,Positiv
1052,min server downtolong masak klik produk,Negativ
1053,terustahunbersama,Positiv
1054,berhasil beli payung harga rebu,Positiv
1055,mesti byk belajar collocation server amazon google anak bule tokped semangat,Positiv
1056,berdoa weh hoki haha,Negativ
1057,bayar lemot pas bayar duitnya tokocash,Negativ
1058,bakar,Positiv
1059,br buka aplikasi jam teng barang gag stock omong kosong,Positiv
1060,dy jg dapet hp rb sampe,Negativ
1061,semoga smpe berhasil tangan angin semilir,Positiv
1062,susah dapet lucky dibatalin,Positiv
1063,skrg sma dpt,Negativ
1064,hokian coeg flash sale bayar duit balikin haha like you belanja supermarket bayar struk print barang ambil orang,Positiv
1065,flashsale ngelanjutin kemaren yaa engga,Positiv
1066,check out tinggal bayar dapet no va tebar pesona pas proses loading lg bayar dana kembalikan check out barangnya keep cm dikasih menit bayar menit loading kiciwa banget deh,Negativ
1067,kayanya toko laen flash sale prnh brmslh flash sale brmslh aneh auto uninstal ajh cem ginimah mnding shopee lazada ajh deh,Positiv
1068,kali dapet susu enfagrow harga bayar menit lari ambil tendili moneynya,Positiv
1069,gagal tinggal bayar tetiba oops stok,Positiv
1070,iyaa virtual account,Positiv
1071,jam pagi teng kakak lelaki hitungan menit produk kosong,Negativ
1072,belum beruntung,Positiv
1073,kayaknya emang mayoritas bayar error deh,Positiv
1074,ka gigi tajam ngerasain fs tolong jelasin temen tokped fake ngadain flash sale,Positiv
1075,ng worth it wasting time ng hadilnya zonk flashsale tong kosong ng barangnya zonk bikin kecewa check out ng eror coba sehabis makan pulang barang hbs pembayaran eror coba sehabis makan pulang berkali barang habis pemberi harapan palsu flash sale zonk palsu bikin kecewa buang cari sensasi doang bikin kecewa customer goodbye deh pindah online,Negativ
1076,tokopedia pake jasa aws bos,Negativ
1077,zonk mulu,Positiv
1078,amazon menginvest tokopedianya alibaba group,Negativ
1079,blackmores vitamin ribu,Negativ
1080,keranjang belanja msh titik merah terisi barangtp dibuka kosong,Positiv
1081,ntar dijadiin iklan ngebully tokopedia pdhal tokopedia kakak lelaki bagus pas kmaren dpt bayar gagal internal server error,Negativ
1082,minjgn lupa perbaiki server pelanggan kecewa kabur,Negativ
1083,diproses penjual,Negativ
1084,gimmick,Negativ
1085,error stiap dapet,Negativ
1086,tinggal bayar pdahal tebar pesona kgk bsa server error blablabla pas cek flash sale dah ilang bijiii kgk niat ngadain flash sale kya,Positiv
1087,parahh,Positiv
1088,ngomong bos tokopedia invest server amazon web services server down pengunjung servernya diurusin dapet flash sale nyebar kebohongan kaya gini,Positiv
1089,flashsale bohongan niecuma mentok check out,Negativ
1090,transaksi flash sale kemarin pembayaran via bca virtual account dana terpotong sistem error belanjaan stuck cart produk habis hilang skrg dana terpotong cart logo notification dibuka cart kosong mohon kebijakan tokopedia bagaimanakesal,Negativ
1091,transaksi flash sale kemarin pembayaran via bca virtual account dana terpotong sistem error belanjaan stuck cart produk habis hilang skrg dana terpotong cart logo notification dibuka cart kosong mohon kebijakan tokopedia bagaimanakesal,Positiv
1092,min senin gunain voucher ilovemonday cashbacknya masuk skrg min,Negativ
1093,gmbarnya kere tulen gift yasin cantik acaramu berkesan kepoin yaa,Negativ
1094,hahahahahaha,Negativ
1095,subhanallaah sore,Negativ
1096,flashsale bikintiap bayar server down trskan aneh,Negativ
1097,min tambahin hashtagnyaflashsalephp,Positiv
1098,barang masuk keranjang pas bayar maaf stok kosong padahl berpa detik,Negativ
1099,fs ngk load pilih barang,Negativ
1100,juragan,Negativ
1101,habishuft,Negativ
1102,awesomee yaa met siang,Negativ
1103,mimin servernya benerin min please,Positiv
1104,marah,Negativ
1105,laporin ylki,Negativ
1106,barakallah tokepedia sukses,Positiv
1107,deh dm beserta transaksinya penasaran,Positiv
1108,sis cpt lgsg kepotong saldonya kalao mah hati stok ksong wkwkkw etss pke tokocash berhasil dipmbyaran gada semenit dikembaliin danaku yaelahh pdoo mawon yakkk,Positiv
1109,pembohongan,Negativ
1110,awas basic voal bikin ketagihan ready basic voal shinar glamour,Negativ
1111,semenit jam tet lgsg belanja berhasil bayar gada semenit lgsg dana dikembalikan pke tokocash bayarxkan boong gamau rugii kayaknya permainan bnyak kunjungi toped hahahha,Positiv
1112,wkwkwk percaya flash salekamvret,Positiv
1113,jg mentok bayar pdhal rb an gila menitan muter tu gagal server ksel,Positiv
1114,pagi dapet tas pas cek taunya dibatalin toped,Positiv
1115,barusan cek tas dibatalin topednya,Negativ
1116,rejekinya brati tpi kayanya penjualnya ngasih batasan stok deh flash sale pas malem cek olshopnya aplikasi barangnya tersedia,Negativ
1117,stok maaf habis dana dikembalikan toko kes dana toko kes pakai haji,Positiv
1118,awesomee yaa,Negativ
1119,gmbarnya kagum,Positiv
1120,pilihan pembayarannyacuma dikasih menit pembayaranga kaya disebelah jam,Positiv
1121,met aktivitas pagi yaah,Negativ
1122,anjir wkwkwk,Negativ
1123,q gakk dpt susah,Positiv
1124,payment angin semilir tebar pesona kesalahan terusotw playstore kasih bintang,Negativ
1125,toko merah ngadain event kampung sinyalnya sekuat jakarta parah servernya brarti emg persiapkan,Positiv
1126,tokopedia kl flash sale barang setoknya banyakin jgn cuman doang nungguin puluhan ribuan org pastiin server lancar nerima pengunjung,Negativ
1127,si oren emang bagus barangnya bermutu dapet kadang produk eksklusif sediain oren helm murah sampe boncengan anak lengkappp,Positiv
1128,pake kesal kesal,Positiv
1129,via transfer ambil tendili moneynya,Positiv
1130,ok,Negativ
1131,min bayar via tokocash tebar pesona kaga daftar belanja skali tebar pesona tokocash kepotong gmana,Negativ
1132,input resi susaaaaahhhh truussss,Negativ
1133,benerinnn server dolo njerr,Positiv
1134,tahun tukang tipu mulu,Negativ
1135,anehflash sale murah bnget bayar langsung back cmn ribu pake point lgiini aneh,Positiv
1136,sekian comment respon akun heraann maluin,Positiv
1137,eror melanda,Negativ
1138,tokocash transfer biasakesal,Positiv
1139,tdi pgi syaa beli milo cube sayang kursng berminat kalo pagi enakb bgtu malem rame bener gila,Positiv
1140,erorrrrrrr,Positiv
1141,menit proses order hahaha bates masuk keranjang server error pembayaran coba lg lain-lain eh kosong stoknya,Positiv
1142,pindah shoppe ah enak ciuman upsciuman,Negativ
1143,berdosa kasar flash sale pas proses bayar muncul tulisan kesalahan pas klik lg muncul tulisan maaf stok barang kosong,Negativ
1144,dapettahunbersama,Positiv
1145,xiaomi redmi flash sale pagi proses pengiriman,Positiv
1146,kitkat harga ribuan bayar yaaah lumayan,Positiv
1147,min kaalau bayar eh pesanan batalkan duit masuk toko bayar langsung jd tunai,Negativ
1148,gagal beli uang toko bayar langsung ditarik saldo trs dibalikin bank dasar anak informasi,Negativ
1149,kalo niat kasih promo disiapin bener sistemnya,Positiv
1150,wkwk incer mahal susah emg tebar pesona temen dapet angin semilir,Negativ
1151,ngincer blender gagal mulu langsung home cari produk nyisa dapet deh tas,Negativ
1152,lapar lngsng masukin barang krnjang pas check out gagal hahaha mending sale jelassssss,Positiv
1153,beli brg trs dibalikin dana tokocash dibatalin penjual cek riwayat transaksi pindahkan saldo tokopedia sampe hitungan menit pindah saldo tunggu hr semoga membantu,Negativ
1154,protes smua trick pintar pintar dpt dpt barusan vacum cleaner pas rb dpt flash sale tokped rame pengunjung harga fantastis tebar pesona stock disediakan banya,Negativ
1155,kemajuan min berusaha tingkatin pelayanannya min tokped,Negativ
1156,uang ku toko bayar langsung taun syaratnya dipindahkan rekening kalo pembatalan,Negativ
1157,berhasil dapet,Negativ
1158,gagal beli uang toko bayar langsung ditarik saldo trs dibalikin bank dasar anak informasi,Positiv
1159,dapet jbl temen dapet angin semilir,Positiv
1160,flash sale jd program tokopedia hoaxbayar pake toko bayar langsung cpet,Positiv
1161,saldo tokopedia,Negativ
1162,kacau,Negativ
1163,sandisk normal rb,Positiv
1164,ny berita bohong,Negativ
1165,diam ambil tendili moneynya biar ngebut bayarnya eh jancuk aplikasi macet-macet sampe crash suwe bat dah,Negativ
1166,min flash sale bilangannya gitu mulu cape better benerin servernya kliatan siapnya sendirilah penduduk indonesia juta org kasarnya stgh penduduk indonesia akses tokopedia perhitungan brp data masuk,Negativ
1167,mudah han dapet hadiah aamiin,Negativ
1168,bener mslhnya berjuang hasil dibilang hoki msalah flashsale jdid jakmall bl shopee belanjaan flash sale pcs jaman tokopedia flashsale sklipun dapet detik kebuka jam pas barangnya habis,Negativ
1169,barang ghoibkahkesal,Positiv
1170,tinggal pembayaran tinggal ganmasih byk berhasil payment verified engga kalopun berhasil diuji autocancel autorefund ndak thats the flow cb kali amati flownya terapkan komensaya baca komen post sblmnya paham,Negativ
1171,kecewa berat,Negativ
1172,tetep goib,Negativ
1173,kecewaaaaa,Negativ
1174,malam keluarin besok pagi,Positiv
1175,super parah dibanding pagi jam gimana ni pemberi harapan palsu ajacustomer super kecewaaa,Negativ
1176,menit jam lapar menit barangnya belom klik flash salenya berakhirlahhh kocak banget tokopedia,Negativ
1177,pinterrr,Positiv
1178,kecewa semoga tokopedia berubah nama tokophp,Positiv
1179,ni ko bermasalah lihat daftar transaksi isinya kosong beli barang sore cek ko kosong,Positiv
1180,min flash sale tokopedia jam malam tanggal agustus berhasil check out memilih pembayaran bca va disitu pemberitahuan kode pembayaran diverifikasi menit kode bayarnya yaterima kasih,Negativ
1181,kek yahsudah berhasil prosestinggal bayartp limitnya menitkesal serius nanya,Negativ
1182,maaf pengunjung kecewa kunjungan tokopedia dugaan terbaik kami berusaha kualitas pelayanan,Positiv
1183,metode pembayaran pakai,Positiv
1184,lapak sebelah harga rb flash sale,Positiv
1185,dapet tas gagal berkali kali,Positiv
1186,boong kali pagi malem susah masuknya pas kebuka barang,Negativ
1187,ntaps marketplace orange kyaknya marketplace ijo deh,Negativ
1188,guaa jam mantengin hp,Positiv
1189,story bro dpt pancake untungan ikutan ratusan ribu orang tebar pesona stok barang terbatas namanya flash,Negativ
1190,kirim dm silahkan dicek,Positiv
1191,kasih bukti dpet screnshot pembyaran berhasil,Positiv
1192,dm silahkan dicek,Negativ
1193,flash sale dapet ikutan,Negativ
1194,j pro mudah an dicancel,Positiv
1195,adain kaya gini orang emosi doangnurunin rating harga tokopedia doang,Positiv
1196,percaya,Negativ
1197,bokiss flash sale,Positiv
1198,toko bayar langsung numpuk saldonya dibatalin mulu berhasil bayar,Negativ
1199,setuju,Positiv
1200,dm krim post nti iri,Positiv
1201,pengguna shopee bl jg promo flash produk harganya tokopedia ngasih harga murah jd peminat shopee bl dibanding tokopedia bl flash sale ngasih produk harga asli produknya rb tokopedia harga produk jutaan jd murah bngt,Positiv
1202,ok,Negativ
1203,kirain tokopedia belajar pengalaman flash sale mei terulang mendingan kalo blum ngadain flash sale pake flash sale mohon belajar slb sukses ngadain flash sale,Negativ
1204,ngejar flash sale tebar pesona dropshiper ambil barang dri seller tokpedakibatnya kerjaan terbengkalai gara order checkout error format tokped dropshiper friendly kalo ngadain flash sale sok nge boom,Positiv
1205,down servernya event adain ulang deh diprotes jawabannya suruh coba bebenah,Positiv
1206,numpang om top up saldo indomaret,Negativ
1207,checkout bener,Positiv
1208,bl duitnya bl shake,Positiv
1209,bikin story gopro hero brp,Negativ
1210,kl adain flash sale serius dongg,Positiv
1211,maybelline dapet umpat,Positiv
1212,dapet,Negativ
1213,harga rbuan,Positiv
1214,storyku,Positiv
1215,rb gua dapet action cam sma power bank tebar pesona flash sale barangnya diskon gede jd tahan kebutuhan tertawa keras,Positiv
1216,dapet juragan rb dapet amazfit bip pagi dapet earphone jbl malem rada aneh dapet helm saldo kepotong tebar pesona gagal checkout dapet selangkah selingkuh transaksi berhasil,Positiv
1217,woy,Negativ
1218,coba beli apapun kaga error melulu,Negativ
1219,eror woy benerin,Positiv
1220,wkwkw gua gua doang ngeluh kgak checkout banget yaaa serius sampe kesel pengen banting hape gua jaringan lemot taunya emang susah,Positiv
1221,ngincer angin semilir stuck proses bayar,Positiv
1222,pagi,Negativ
1223,sptnya diuntungkan diisini pedagang tokped yaa tokocash,Negativ
1224,juragan diliat bukti kakak lelaki posting ig real berita bohong,Positiv
1225,sistemnya overload,Negativ
